activesupport,activesupport
activesupport,activesupport
activesupport,activesupport
activesupport,activesupport
activesupport,activesupport
activesupport,activesupport
activesupport,activesupport
activesupport,activesupport
activesupport,activesupport
activesupport,activesupport
activesupport,activesupport
activesupport,activesupport
activesupport,activesupport
activesupport,activesupport
activesupport,activesupport
activesupport,activesupport
activesupport,activesupport
activesupport,activesupport
activesupport,activesupport
activesupport,activesupport
activesupport,activesupport
activesupport,activesupport
activesupport,activesupport
activesupport,activesupport
activesupport,activesupport
activesupport,activesupport
activesupport,activesupport
activesupport,activesupport
activesupport,activesupport
activesupport,activesupport
activesupport,activesupport
activesupport,activesupport
activesupport,activesupport
activesupport,activesupport
activesupport,activesupport
activesupport,activesupport
activesupport,activesupport
activesupport,activesupport
activesupport,activesupport
activesupport,activesupport
activesupport,activesupport
activesupport,activesupport
activesupport,activesupport
activesupport,activesupport
activesupport,activesupport
activesupport,activesupport
activesupport,activesupport
activesupport,activesupport
activesupport,activesupport
activesupport,activesupport
activesupport,activesupport
activesupport,activesupport
activesupport,activesupport
activesupport,activesupport
activesupport,activesupport
activesupport,activesupport
activesupport,activesupport
activesupport,activesupport
activesupport,activesupport
activesupport,activesupport
activesupport,activesupport
activesupport,activesupport
activesupport,activesupport
activesupport,activesupport
activesupport,activesupport
activesupport,activesupport
activesupport,activesupport
activesupport,activesupport
activesupport,activesupport
activesupport,activesupport
activesupport,activesupport
activesupport,activesupport
activesupport,activesupport
activesupport,activesupport
activesupport,activesupport
activesupport,activesupport
activesupport,activesupport
activesupport,activesupport
activesupport,activesupport
activesupport,activesupport
activesupport,activesupport
activesupport,activesupport
activesupport,activesupport
activesupport,activesupport
activesupport,activesupport
activesupport,activesupport
activesupport,activesupport
activesupport,activesupport
activesupport,activesupport
activesupport,activesupport
activesupport,activesupport
activesupport,activesupport
activesupport,activesupport
activesupport,activesupport
activesupport,activesupport
activesupport,activesupport
activesupport,activesupport
activesupport,activesupport
activesupport,activesupport
activesupport,activesupport
activesupport,activesupport
activesupport,activesupport
activesupport,activesupport
activesupport,activesupport
activesupport,activesupport
activesupport,activesupport
activesupport,activesupport
activesupport,activesupport
activesupport,activesupport
activesupport,activesupport
activesupport,activesupport
activesupport,activesupport
activesupport,activesupport
activesupport,activesupport
activesupport,activesupport
activesupport,activesupport
activesupport,activesupport
activesupport,activesupport
activesupport,activesupport
activesupport,activesupport
activesupport,activesupport
activesupport,activesupport
activesupport,activesupport
activesupport,activesupport
activesupport,activesupport
activesupport,activesupport
activesupport,activesupport
activesupport,activesupport
activesupport,activesupport
activesupport,activesupport
activesupport,activesupport
activesupport,activesupport
activesupport,activesupport
activesupport,activesupport
activesupport,activesupport
activesupport,activesupport
activesupport,activesupport
activesupport,activesupport
activesupport,activesupport
activesupport,activesupport
amazon-ec2,amazon-ec2
amazon-ec2,amazon-ec2
amazon-ec2,amazon-ec2
amazon-ec2,amazon-ec2
amazon-ec2,amazon-ec2
amazon-ec2,amazon-ec2
amazon-ec2,amazon-ec2
amazon-ec2,amazon-ec2
amazon-ec2,amazon-ec2
amazon-ec2,amazon-ec2
amazon-ec2,amazon-ec2
amazon-ec2,amazon-ec2
amazon-ec2,amazon-ec2
amazon-ec2,amazon-ec2
amazon-ec2,amazon-ec2
amazon-ec2,amazon-ec2
amazon-ec2,amazon-ec2
amazon-ec2,amazon-ec2
amazon-ec2,amazon-ec2
amazon-ec2,amazon-ec2
amazon-ec2,amazon-ec2
amazon-ec2,amazon-ec2
amazon-ec2,amazon-ec2
amazon-ec2,amazon-ec2
amazon-ec2,amazon-ec2
amazon-ec2,amazon-ec2
amazon-ec2,amazon-ec2
amazon-ec2,amazon-ec2
amazon-ec2,amazon-ec2
amazon-ec2,amazon-ec2
amazon-ec2,amazon-ec2
amazon-ec2,amazon-ec2
amazon-ec2,amazon-ec2
amazon-ec2,amazon-ec2
amazon-ec2,amazon-ec2
amazon-ec2,amazon-ec2
amazon-ec2,amazon-ec2
amazon-ec2,amazon-ec2
amazon-ec2,amazon-ec2
amazon-ec2,amazon-ec2
amazon-ec2,amazon-ec2
amazon-ec2,amazon-ec2
amazon-ec2,amazon-ec2
amazon-ec2,amazon-ec2
amazon-ec2,amazon-ec2
amazon-ec2,amazon-ec2
amazon-ec2,amazon-ec2
amazon-ec2,amazon-ec2
amazon-ec2,amazon-ec2
amazon-ec2,amazon-ec2
amazon-ec2,amazon-ec2
amazon-ec2,amazon-ec2
amazon-ec2,amazon-ec2
amazon-ec2,amazon-ec2
amazon-ec2,amazon-ec2
amazon-ec2,amazon-ec2
amazon-ec2,amazon-ec2
amazon-ec2,amazon-ec2
amazon-ec2,amazon-ec2
amazon-ec2,amazon-ec2
amazon-ec2,amazon-ec2
amazon-ec2,amazon-ec2
amazon-ec2,amazon-ec2
amazon-ec2,amazon-ec2
amazon-ec2,amazon-ec2
amazon-ec2,amazon-ec2
amazon-ec2,amazon-ec2
amazon-ec2,amazon-ec2
amazon-ec2,amazon-ec2
amazon-ec2,amazon-ec2
amazon-ec2,amazon-ec2
amazon-ec2,amazon-ec2
amazon-ec2,amazon-ec2
amazon-ec2,amazon-ec2
amazon-ec2,amazon-ec2
amazon-ec2,amazon-ec2
amazon-ec2,amazon-ec2
amazon-ec2,amazon-ec2
amazon-ec2,amazon-ec2
amazon-ec2,amazon-ec2
amazon-ec2,amazon-ec2
amazon-ec2,amazon-ec2
amazon-ec2,amazon-ec2
amazon-ec2,amazon-ec2
amazon-ec2,amazon-ec2
amazon-ec2,amazon-ec2
amazon-ec2,amazon-ec2
amazon-ec2,amazon-ec2
amazon-ec2,amazon-ec2
amazon-ec2,amazon-ec2
amazon-ec2,amazon-ec2
amazon-ec2,amazon-ec2
amazon-ec2,amazon-ec2
amazon-ec2,amazon-ec2
amazon-ec2,amazon-ec2
amazon-ec2,amazon-ec2
amazon-ec2,amazon-ec2
amazon-ec2,amazon-ec2
amazon-ec2,amazon-ec2
amazon-ec2,amazon-ec2
amazon-ec2,amazon-ec2
amazon-ec2,amazon-ec2
amazon-ec2,amazon-ec2
amazon-ec2,amazon-ec2
amazon-ec2,amazon-ec2
amazon-ec2,amazon-ec2
amazon-ec2,amazon-ec2
amazon-ec2,amazon-ec2
amazon-ec2,amazon-ec2
amazon-ec2,amazon-ec2
amazon-ec2,amazon-ec2
amazon-ec2,amazon-ec2
nokogiri,nokogiri
nokogiri,nokogiri
nokogiri,nokogiri
nokogiri,nokogiri
nokogiri,nokogiri
nokogiri,nokogiri
nokogiri,nokogiri
nokogiri,nokogiri
nokogiri,nokogiri
nokogiri,nokogiri
nokogiri,nokogiri
nokogiri,nokogiri
nokogiri,nokogiri
nokogiri,nokogiri
nokogiri,nokogiri
nokogiri,nokogiri
nokogiri,nokogiri
nokogiri,nokogiri
nokogiri,nokogiri
nokogiri,nokogiri
nokogiri,nokogiri
nokogiri,nokogiri
nokogiri,nokogiri
nokogiri,nokogiri
nokogiri,nokogiri
nokogiri,nokogiri
nokogiri,nokogiri
nokogiri,nokogiri
nokogiri,nokogiri
nokogiri,nokogiri
nokogiri,nokogiri
nokogiri,nokogiri
nokogiri,nokogiri
nokogiri,nokogiri
nokogiri,nokogiri
nokogiri,nokogiri
nokogiri,nokogiri
nokogiri,nokogiri
nokogiri,nokogiri
nokogiri,nokogiri
nokogiri,nokogiri
nokogiri,nokogiri
nokogiri,nokogiri
nokogiri,nokogiri
nokogiri,nokogiri
nokogiri,nokogiri
nokogiri,nokogiri
nokogiri,nokogiri
nokogiri,nokogiri
nokogiri,nokogiri
nokogiri,nokogiri
nokogiri,nokogiri
nokogiri,nokogiri
nokogiri,nokogiri
nokogiri,nokogiri
nokogiri,nokogiri
nokogiri,nokogiri
nokogiri,nokogiri
nokogiri,nokogiri
nokogiri,nokogiri
nokogiri,nokogiri
nokogiri,nokogiri
nokogiri,nokogiri
nokogiri,nokogiri
nokogiri,nokogiri
nokogiri,nokogiri
nokogiri,nokogiri
nokogiri,nokogiri
nokogiri,nokogiri
nokogiri,nokogiri
nokogiri,nokogiri
nokogiri,nokogiri
nokogiri,nokogiri
nokogiri,nokogiri
nokogiri,nokogiri
nokogiri,nokogiri
nokogiri,nokogiri
nokogiri,nokogiri
nokogiri,nokogiri
nokogiri,nokogiri
nokogiri,nokogiri
nokogiri,nokogiri
nokogiri,nokogiri
nokogiri,nokogiri
nokogiri,nokogiri
nokogiri,nokogiri
json,json
json,json
json,json
json,json
json,json
json,json
json,json
json,json
json,json
json,json
json,json
json,json
json,json
json,json
json,json
json,json
json,json
json,json
json,json
json,json
json,json
json,json
json,json
json,json
json,json
json,json
json,json
json,json
json,json
json,json
json,json
json,json
json,json
json,json
json,json
json,json
json,json
json,json
json,json
json,json
json,json
json,json
json,json
json,json
json,json
json,json
json,json
json,json
json,json
json,json
json,json
json,json
json,json
json,json
json,json
json,json
json,json
json,json
json,json
json,json
json,json
json,json
json,json
json,json
json,json
json,json
json,json
json,json
json,json
json,json
json,json
json,json
json,json
json,json
json,json
json,json
json,json
json,json
json,json
json,json
httparty,httparty
httparty,httparty
httparty,httparty
httparty,httparty
httparty,httparty
httparty,httparty
httparty,httparty
httparty,httparty
httparty,httparty
httparty,httparty
httparty,httparty
httparty,httparty
httparty,httparty
httparty,httparty
httparty,httparty
httparty,httparty
httparty,httparty
httparty,httparty
httparty,httparty
httparty,httparty
httparty,httparty
httparty,httparty
httparty,httparty
httparty,httparty
httparty,httparty
httparty,httparty
httparty,httparty
httparty,httparty
httparty,httparty
httparty,httparty
httparty,httparty
httparty,httparty
httparty,httparty
httparty,httparty
httparty,httparty
httparty,httparty
httparty,httparty
httparty,httparty
httparty,httparty
httparty,httparty
httparty,httparty
httparty,httparty
httparty,httparty
httparty,httparty
httparty,httparty
httparty,httparty
httparty,httparty
httparty,httparty
httparty,httparty
httparty,httparty
httparty,httparty
httparty,httparty
httparty,httparty
httparty,httparty
httparty,httparty
httparty,httparty
httparty,httparty
httparty,httparty
dalli,dalli
dalli,dalli
dalli,dalli
dalli,dalli
dalli,dalli
dalli,dalli
dalli,dalli
dalli,dalli
dalli,dalli
dalli,dalli
dalli,dalli
dalli,dalli
dalli,dalli
dalli,dalli
dalli,dalli
dalli,dalli
dalli,dalli
dalli,dalli
dalli,dalli
dalli,dalli
dalli,dalli
dalli,dalli
dalli,dalli
dalli,dalli
dalli,dalli
dalli,dalli
dalli,dalli
dalli,dalli
dalli,dalli
dalli,dalli
dalli,dalli
dalli,dalli
dalli,dalli
dalli,dalli
dalli,dalli
dalli,dalli
dalli,dalli
dalli,dalli
dalli,dalli
dalli,dalli
dalli,dalli
dalli,dalli
dalli,dalli
dalli,dalli
dalli,dalli
dalli,dalli
ffi-pcap,ffi-pcap
ffi-pcap,ffi-pcap
ffi-pcap,ffi-pcap
ffi-pcap,ffi-pcap
ffi-pcap,ffi-pcap
ffi-pcap,ffi-pcap
ffi-pcap,ffi-pcap
ffi-pcap,ffi-pcap
ffi-pcap,ffi-pcap
ffi-pcap,ffi-pcap
ffi-pcap,ffi-pcap
ffi-pcap,ffi-pcap
ffi-pcap,ffi-pcap
ffi-pcap,ffi-pcap
ffi-pcap,ffi-pcap
ffi-pcap,ffi-pcap
ffi-pcap,ffi-pcap
ffi-pcap,ffi-pcap
ffi-pcap,ffi-pcap
ffi-pcap,ffi-pcap
ffi-pcap,ffi-pcap
ffi-pcap,ffi-pcap
ffi-pcap,ffi-pcap
ffi-pcap,ffi-pcap
ffi-pcap,ffi-pcap
ffi-pcap,ffi-pcap
ffi-pcap,ffi-pcap
ffi-pcap,ffi-pcap
ffi-pcap,ffi-pcap
ffi-pcap,ffi-pcap
ffi-pcap,ffi-pcap
ffi-pcap,ffi-pcap
ffi-pcap,ffi-pcap
ffi-pcap,ffi-pcap
ffi-pcap,ffi-pcap
ffi-pcap,ffi-pcap
ffi-pcap,ffi-pcap
ffi-pcap,ffi-pcap
ffi-pcap,ffi-pcap
ffi-pcap,ffi-pcap
ffi-pcap,ffi-pcap
ffi-pcap,ffi-pcap
ffi-pcap,ffi-pcap
ffi-pcap,ffi-pcap
ffi-pcap,ffi-pcap
ffi-pcap,ffi-pcap
haml,haml
haml,haml
haml,haml
haml,haml
haml,haml
haml,haml
haml,haml
haml,haml
haml,haml
haml,haml
haml,haml
haml,haml
haml,haml
haml,haml
haml,haml
haml,haml
haml,haml
haml,haml
haml,haml
haml,haml
haml,haml
haml,haml
haml,haml
haml,haml
haml,haml
haml,haml
haml,haml
haml,haml
haml,haml
haml,haml
haml,haml
haml,haml
haml,haml
haml,haml
haml,haml
haml,haml
haml,haml
haml,haml
haml,haml
haml,haml
haml,haml
haml,haml
haml,haml
haml,haml
math_ml,math_ml
math_ml,math_ml
math_ml,math_ml
math_ml,math_ml
math_ml,math_ml
math_ml,math_ml
math_ml,math_ml
math_ml,math_ml
math_ml,math_ml
math_ml,math_ml
math_ml,math_ml
math_ml,math_ml
math_ml,math_ml
math_ml,math_ml
math_ml,math_ml
math_ml,math_ml
math_ml,math_ml
math_ml,math_ml
math_ml,math_ml
math_ml,math_ml
math_ml,math_ml
math_ml,math_ml
math_ml,math_ml
math_ml,math_ml
math_ml,math_ml
math_ml,math_ml
math_ml,math_ml
math_ml,math_ml
math_ml,math_ml
math_ml,math_ml
math_ml,math_ml
math_ml,math_ml
math_ml,math_ml
math_ml,math_ml
math_ml,math_ml
math_ml,math_ml
math_ml,math_ml
math_ml,math_ml
math_ml,math_ml
math_ml,math_ml
math_ml,math_ml
math_ml,math_ml
compass,compass
compass,compass
compass,compass
compass,compass
compass,compass
compass,compass
compass,compass
compass,compass
compass,compass
compass,compass
compass,compass
compass,compass
compass,compass
compass,compass
compass,compass
compass,compass
compass,compass
compass,compass
compass,compass
compass,compass
compass,compass
compass,compass
compass,compass
compass,compass
compass,compass
compass,compass
compass,compass
compass,compass
compass,compass
compass,compass
compass,compass
compass,compass
compass,compass
compass,compass
compass,compass
compass,compass
compass,compass
compass,compass
compass,compass
compass,compass
